windfield,geometry,sar_speed,sar_dir,dx,dy,ratio,style_css,lat,lon,u,v,safe_id,era5_speed
wind_10,POINT (71.39591522216797 19.712896728515624),5.4,117.84474383025857,-636.79,195.07,0.86,fill:#0000ff; fill-opacity:0.2; stroke:#ff0000; stroke-opacity:1.0; stroke-width:1.0; symbol:star,19.712896728515624,71.39591522216797,-4.7747690542562555,2.522217373367494,S1A_IW_GRDH_1SDV_20250531T010322_20250531T010347_059431_07608E_B23F,6.095099957815732
wind_11,POINT (71.81431062117868 19.639959799725077),5.7,138.54997799257552,-529.01,404.61,0.89,fill:#0000ff; fill-opacity:0.2; stroke:#ff0000; stroke-opacity:1.0; stroke-width:1.0; symbol:star,19.639959799725077,71.81431062117868,-3.773209031332937,4.272340530185716,S1A_IW_GRDH_1SDV_20250531T010322_20250531T010347_059431_07608E_B23F,6.3785928259096245
wind_15,POINT (72.60971016261888 19.289891649329142),9.3,25.03172981992991,-167.08,-644.7,0.93,fill:#0000ff; fill-opacity:0.2; stroke:#ff0000; stroke-opacity:1.0; stroke-width:1.0; symbol:star,19.289891649329142,72.60971016261888,-3.9350169387824816,-8.426484539325694,S1A_IW_GRDH_1SDV_20250531T010322_20250531T010347_059431_07608E_B23F,5.423712193426018
wind_16,POINT (71.98371980086617 19.401994439829952),6.7,139.9991476276224,-519.53,416.71,0.9,fill:#0000ff; fill-opacity:0.2; stroke:#ff0000; stroke-opacity:1.0; stroke-width:1.0; symbol:star,19.401994439829952,71.98371980086617,-4.306753339075601,5.132433699168569,S1A_IW_GRDH_1SDV_20250531T010322_20250531T010347_059431_07608E_B23F,6.420968990246749
wind_17,POINT (72.40113279923149 19.327500534057616),6.8,154.35480137908704,-401.07,531.69,0.89,fill:#0000ff; fill-opacity:0.2; stroke:#ff0000; stroke-opacity:1.0; stroke-width:1.0; symbol:star,19.327500534057616,72.40113279923149,-2.9430198595942914,6.130141442579739,S1A_IW_GRDH_1SDV_20250531T010322_20250531T010347_059431_07608E_B23F,6.2781703994011115
wind_18,POINT (71.77487925653872 19.438877420840058),5.9,134.05265924126306,-559.29,361.59,0.9,fill:#0000ff; fill-opacity:0.2; stroke:#ff0000; stroke-opacity:1.0; stroke-width:1.0; symbol:star,19.438877420840058,71.77487925653872,-4.240336206710597,4.102383313887086,S1A_IW_GRDH_1SDV_20250531T010322_20250531T010347_059431_07608E_B23F,6.313348675854757
wind_20,POINT (71.56595498789912 19.47552389061969),6.7,158.2117030180884,-361.27,559.5,0.92,fill:#0000ff; fill-opacity:0.2; stroke:#ff0000; stroke-opacity:1.0; stroke-width:1.0; symbol:star,19.47552389061969,71.56595498789912,-2.4868937980923667,6.221363133350257,S1A_IW_GRDH_1SDV_20250531T010322_20250531T010347_059431_07608E_B23F,6.135815418922098
wind_22,POINT (72.192468527089 19.36487345488175),8.3,157.1404919087956,-373.88,551.16,0.91,fill:#0000ff; fill-opacity:0.2; stroke:#ff0000; stroke-opacity:1.0; stroke-width:1.0; symbol:star,19.36487345488175,72.192468527089,-3.224324534779414,7.6481194613067816,S1A_IW_GRDH_1SDV_20250531T010322_20250531T010347_059431_07608E_B23F,6.501305720482949
wind_23,POINT (71.3570327758789 19.511917877197263),10.6,175.63126348114017,-173.71,642.95,0.85,fill:#0000ff; fill-opacity:0.2; stroke:#ff0000; stroke-opacity:1.0; stroke-width:1.0; symbol:star,19.511917877197263,71.3570327758789,-0.8074547267222868,10.56920133521421,S1A_IW_GRDH_1SDV_20250531T010322_20250531T010347_059431_07608E_B23F,6.109074294645573
wind_26,POINT (72.98535056736159 19.012671097465184),20.0,15.225082789926088,-52.0,-663.97,0.96,fill:#0000ff; fill-opacity:0.2; stroke:#ff0000; stroke-opacity:1.0; stroke-width:1.0; symbol:star,19.012671097465184,72.98535056736159,-5.252232315789814,-19.298032430819813,S1A_IW_GRDH_1SDV_20250531T010322_20250531T010347_059431_07608E_B23F,4.338189765762222
wind_28,POINT (72.5691783739173 19.088632003120754),9.4,171.79915407951628,-221.39,628.13,0.86,fill:#0000ff; fill-opacity:0.2; stroke:#ff0000; stroke-opacity:1.0; stroke-width:1.0; symbol:star,19.088632003120754,72.5691783739173,-1.3408493403231814,9.303876775116645,S1A_IW_GRDH_1SDV_20250531T010322_20250531T010347_059431_07608E_B23F,5.943606207221055
wind_29,POINT (72.77732285209325 19.05076764977497),20.0,181.88856369119804,-104.79,657.7,0.89,fill:#0000ff; fill-opacity:0.2; stroke:#ff0000; stroke-opacity:1.0; stroke-width:1.0; symbol:star,19.05076764977497,72.77732285209325,0.6591137244820232,19.98913627694302,S1A_IW_GRDH_1SDV_20250531T010322_20250531T010347_059431_07608E_B23F,5.424037972261017
wind_30,POINT (72.36086671248727 19.12628107485564),5.6,99.58202601609678,-665.85,-14.32,0.92,fill:#0000ff; fill-opacity:0.2; stroke:#ff0000; stroke-opacity:1.0; stroke-width:1.0; symbol:star,19.12628107485564,72.36086671248727,-5.521870506746088,0.9321727880214578,S1A_IW_GRDH_1SDV_20250531T010322_20250531T010347_059431_07608E_B23F,6.196049228620252
wind_31,POINT (71.9439873073412 19.200863547947094),7.6,146.3794924786261,-470.02,471.85,0.95,fill:#0000ff; fill-opacity:0.2; stroke:#ff0000; stroke-opacity:1.0; stroke-width:1.0; symbol:star,19.200863547947094,71.9439873073412,-4.208041234357939,6.328695676831309,S1A_IW_GRDH_1SDV_20250531T010322_20250531T010347_059431_07608E_B23F,6.346015266804466
wind_32,POINT (71.73541425622028 19.237794461457625),7.8,148.66141260913744,-450.23,490.77,0.93,fill:#0000ff; fill-opacity:0.2; stroke:#ff0000; stroke-opacity:1.0; stroke-width:1.0; symbol:star,19.237794461457625,71.73541425622028,-4.056736728746715,6.662048267135071,S1A_IW_GRDH_1SDV_20250531T010322_20250531T010347_059431_07608E_B23F,6.132238674283558
wind_33,POINT (72.15247278628142 19.16369811348293),6.6,125.56657314843152,-606.79,274.53,0.87,fill:#0000ff; fill-opacity:0.2; stroke:#ff0000; stroke-opacity:1.0; stroke-width:1.0; symbol:star,19.16369811348293,72.15247278628142,-5.368705572184549,3.838880107426457,S1A_IW_GRDH_1SDV_20250531T010322_20250531T010347_059431_07608E_B23F,6.33826787714713
wind_34,POINT (71.52676026717477 19.274492263793945),6.5,137.67334617213425,-534.93,396.75,0.87,fill:#0000ff; fill-opacity:0.2; stroke:#ff0000; stroke-opacity:1.0; stroke-width:1.0; symbol:star,19.274492263793945,71.52676026717477,-4.376817346729302,4.805566554878776,S1A_IW_GRDH_1SDV_20250531T010322_20250531T010347_059431_07608E_B23F,6.045605873799285
wind_35,POINT (71.31810760498047 19.31093978881836),6.3,141.13044164890064,-509.65,428.73,0.9,fill:#0000ff; fill-opacity:0.2; stroke:#ff0000; stroke-opacity:1.0; stroke-width:1.0; symbol:star,19.31093978881836,71.31810760498047,-3.9535617429060426,4.905033082969954,S1A_IW_GRDH_1SDV_20250531T010322_20250531T010347_059431_07608E_B23F,6.117546433030743
wind_40,POINT (72.73662281865658 18.84945011968198),11.2,183.67551957496323,-84.38,660.63,0.94,fill:#0000ff; fill-opacity:0.2; stroke:#ff0000; stroke-opacity:1.0; stroke-width:1.0; symbol:star,18.84945011968198,72.73662281865658,0.7179864041026102,11.176962714598444,S1A_IW_GRDH_1SDV_20250531T010322_20250531T010347_059431_07608E_B23F,6.0114680363264394
wind_41,POINT (71.69597579292629 19.03670234680176),4.4,137.72629515843315,-535.23,396.33,0.93,fill:#0000ff; fill-opacity:0.2; stroke:#ff0000; stroke-opacity:1.0; stroke-width:1.0; symbol:star,19.03670234680176,71.69597579292629,-2.959761193407794,3.2557355049200902,S1A_IW_GRDH_1SDV_20250531T010322_20250531T010347_059431_07608E_B23F,6.163077912686162
wind_42,POINT (72.52867710279382 18.887364030920942),5.7,113.19831178276944,-651.35,138.91,0.86,fill:#0000ff; fill-opacity:0.2; stroke:#ff0000; stroke-opacity:1.0; stroke-width:1.0; symbol:star,18.887364030920942,72.52867710279382,-5.239137594107122,2.2453145147202513,S1A_IW_GRDH_1SDV_20250531T010322_20250531T010347_059431_07608E_B23F,6.217115207405329
wind_43,POINT (72.320629352072 18.92505227793818),8.3,146.36484223952482,-471.47,470.39,0.88,fill:#0000ff; fill-opacity:0.2; stroke:#ff0000; stroke-opacity:1.0; stroke-width:1.0; symbol:star,18.92505227793818,72.320629352072,-4.597391090782525,6.91042655401195,S1A_IW_GRDH_1SDV_20250531T010322_20250531T010347_059431_07608E_B23F,6.248892927962515
wind_44,POINT (71.48758724046789 19.073450602655825),4.9,131.44599390615508,-574.66,336.63,0.9,fill:#0000ff; fill-opacity:0.2; stroke:#ff0000; stroke-opacity:1.0; stroke-width:1.0; symbol:star,19.073450602655825,71.48758724046789,-3.672941819403182,3.243377620826666,S1A_IW_GRDH_1SDV_20250531T010322_20250531T010347_059431_07608E_B23F,5.978116913159745
wind_45,POINT (71.90428214695143 18.999723517376445),7.0,154.5256662373079,-398.16,533.88,0.97,fill:#0000ff; fill-opacity:0.2; stroke:#ff0000; stroke-opacity:1.0; stroke-width:1.0; symbol:star,18.999723517376445,71.90428214695143,-3.010747118463569,6.319446319786514,S1A_IW_GRDH_1SDV_20250531T010322_20250531T010347_059431_07608E_B23F,6.460950890468478
wind_46,POINT (72.11249840777853 18.96251094652259),6.6,130.17056512622375,-583.16,321.68,0.92,fill:#0000ff; fill-opacity:0.2; stroke:#ff0000; stroke-opacity:1.0; stroke-width:1.0; symbol:star,18.96251094652259,72.11249840777853,-5.043241647388294,4.257430408832092,S1A_IW_GRDH_1SDV_20250531T010322_20250531T010347_059431_07608E_B23F,6.452530146262923
wind_47,POINT (71.27920684814453 19.10995216369629),7.1,129.7557430801098,-583.95,320.26,0.88,fill:#0000ff; fill-opacity:0.2; stroke:#ff0000; stroke-opacity:1.0; stroke-width:1.0; symbol:star,19.10995216369629,71.27920684814453,-5.458321908720923,4.540564055354486,S1A_IW_GRDH_1SDV_20250531T010322_20250531T010347_059431_07608E_B23F,5.984725831787964
wind_5,POINT (72.65022755498471 19.491149437945822),20.0,22.73429500211296,-143.45,-650.37,0.92,fill:#0000ff; fill-opacity:0.2; stroke:#ff0000; stroke-opacity:1.0; stroke-width:1.0; symbol:star,19.491149437945822,72.65022755498471,-7.729163364185466,-18.446138720332048,S1A_IW_GRDH_1SDV_20250531T010322_20250531T010347_059431_07608E_B23F,5.18255400413006
wind_51,POINT (71.8646371592646 18.798567365563432),5.9,128.2782521865142,-593.04,303.09,0.92,fill:#0000ff; fill-opacity:0.2; stroke:#ff0000; stroke-opacity:1.0; stroke-width:1.0; symbol:star,18.798567365563432,71.8646371592646,-4.63156822825264,3.6549385421701297,S1A_IW_GRDH_1SDV_20250531T010322_20250531T010347_059431_07608E_B23F,6.647903306357656
wind_53,POINT (72.69592815896739 18.648128575864046),13.8,12.814819476313197,-23.58,-665.58,0.87,fill:#0000ff; fill-opacity:0.2; stroke:#ff0000; stroke-opacity:1.0; stroke-width:1.0; symbol:star,18.648128575864046,72.69592815896739,-3.0608498155943695,-13.456269854843724,S1A_IW_GRDH_1SDV_20250531T010322_20250531T010347_059431_07608E_B23F,6.144882534422244
wind_54,POINT (72.48823255456013 18.686081828241765),5.7,108.04475963211787,-661.07,80.93,0.97,fill:#0000ff; fill-opacity:0.2; stroke:#ff0000; stroke-opacity:1.0; stroke-width:1.0; symbol:star,18.686081828241765,72.48823255456013,-5.41964448042335,1.7656312485388088,S1A_IW_GRDH_1SDV_20250531T010322_20250531T010347_059431_07608E_B23F,6.400760937094914
wind_55,POINT (71.65660081946332 18.835593663091245),5.4,129.34995709637158,-586.97,314.67,0.9,fill:#0000ff; fill-opacity:0.2; stroke:#ff0000; stroke-opacity:1.0; stroke-width:1.0; symbol:star,18.835593663091245,71.65660081946332,-4.17575336856183,3.4238989186225295,S1A_IW_GRDH_1SDV_20250531T010322_20250531T010347_059431_07608E_B23F,6.356883810834608
wind_56,POINT (72.28045455269191 18.723808255402936),6.6,137.50775993526025,-538.23,392.25,0.93,fill:#0000ff; fill-opacity:0.2; stroke:#ff0000; stroke-opacity:1.0; stroke-width:1.0; symbol:star,18.723808255402936,72.28045455269191,-4.458236291630304,4.866634275142367,S1A_IW_GRDH_1SDV_20250531T010322_20250531T010347_059431_07608E_B23F,6.486519616143485
wind_57,POINT (71.44848068900731 18.87239177538001),5.9,139.07957755239764,-525.21,409.52,0.89,fill:#0000ff; fill-opacity:0.2; stroke:#ff0000; stroke-opacity:1.0; stroke-width:1.0; symbol:star,18.87239177538001,71.44848068900731,-3.8645601076544387,4.458158271565279,S1A_IW_GRDH_1SDV_20250531T010322_20250531T010347_059431_07608E_B23F,6.133719683775918
wind_58,POINT (72.07259096891984 18.761309681768005),6.7,148.76239172049895,-450.74,490.3,0.94,fill:#0000ff; fill-opacity:0.2; stroke:#ff0000; stroke-opacity:1.0; stroke-width:1.0; symbol:star,18.761309681768005,72.07259096891984,-3.4745419371839197,5.728661128636447,S1A_IW_GRDH_1SDV_20250531T010322_20250531T010347_059431_07608E_B23F,6.758542585630976
wind_59,POINT (71.24036712646485 18.908947372436522),5.3,136.14901345662798,-545.0,382.79,0.91,fill:#0000ff; fill-opacity:0.2; stroke:#ff0000; stroke-opacity:1.0; stroke-width:1.0; symbol:star,18.908947372436522,71.24036712646485,-3.671761464239082,3.822063284369958,S1A_IW_GRDH_1SDV_20250531T010322_20250531T010347_059431_07608E_B23F,5.960459640783812
wind_6,POINT (72.44137991200323 19.52871808591096),5.2,146.32285696377437,-471.29,470.57,0.88,fill:#0000ff; fill-opacity:0.2; stroke:#ff0000; stroke-opacity:1.0; stroke-width:1.0; symbol:star,19.52871808591096,72.44137991200323,-2.8834649607498637,4.327312077968006,S1A_IW_GRDH_1SDV_20250531T010322_20250531T010347_059431_07608E_B23F,6.497906741627643
wind_61,POINT (72.86257722274117 18.408584876682447),20.0,37.21928214450111,-303.01,-593.08,0.88,fill:#0000ff; fill-opacity:0.2; stroke:#ff0000; stroke-opacity:1.0; stroke-width:1.0; symbol:star,18.408584876682447,72.86257722274117,-12.097342846715971,-15.926528060095519,S1A_IW_GRDH_1SDV_20250531T010322_20250531T010347_059431_07608E_B23F,5.260136736154487
wind_62,POINT (72.6552341627038 18.44680416273034),4.2,127.93117562011916,-596.37,296.47,0.88,fill:#0000ff; fill-opacity:0.2; stroke:#ff0000; stroke-opacity:1.0; stroke-width:1.0; symbol:star,18.44680416273034,72.6552341627038,-3.312748844529112,2.5818007461984815,S1A_IW_GRDH_1SDV_20250531T010322_20250531T010347_059431_07608E_B23F,6.292895116430312
wind_63,POINT (72.44780127483865 18.484793687903363),5.7,136.73498405811506,-543.95,384.28,0.92,fill:#0000ff; fill-opacity:0.2; stroke:#ff0000; stroke-opacity:1.0; stroke-width:1.0; symbol:star,18.484793687903363,72.44780127483865,-3.9066309822104652,4.15069083031166,S1A_IW_GRDH_1SDV_20250531T010322_20250531T010347_059431_07608E_B23F,6.761403275968762
wind_65,POINT (71.82500318444293 18.597404264367142),5.9,131.85589788798293,-573.25,339.03,0.9,fill:#0000ff; fill-opacity:0.2; stroke:#ff0000; stroke-opacity:1.0; stroke-width:1.0; symbol:star,18.597404264367142,71.82500318444293,-4.3944697094103455,3.9368307016018553,S1A_IW_GRDH_1SDV_20250531T010322_20250531T010347_059431_07608E_B23F,6.899684381904219
wind_66,POINT (72.24028738270636 18.522559423032014),5.8,109.4438025167722,-658.87,97.17,0.94,fill:#0000ff; fill-opacity:0.2; stroke:#ff0000; stroke-opacity:1.0; stroke-width:1.0; symbol:star,18.522559423032014,72.24028738270636,-5.469216985458258,1.9307163349324217,S1A_IW_GRDH_1SDV_20250531T010322_20250531T010347_059431_07608E_B23F,7.015088068040719
wind_67,POINT (71.61723194951597 18.634478676837425),5.4,124.47160941883554,-611.42,264.05,0.9,fill:#0000ff; fill-opacity:0.2; stroke:#ff0000; stroke-opacity:1.0; stroke-width:1.0; symbol:star,18.634478676837425,71.61723194951597,-4.451796433215681,3.0563881489771783,S1A_IW_GRDH_1SDV_20250531T010322_20250531T010347_059431_07608E_B23F,6.637095808945684
wind_69,POINT (71.4093767249066 18.67132798899775),6.9,128.65164685849692,-590.39,308.22,0.91,fill:#0000ff; fill-opacity:0.2; stroke:#ff0000; stroke-opacity:1.0; stroke-width:1.0; symbol:star,18.67132798899775,71.4093767249066,-5.388608717174744,4.309628301047361,S1A_IW_GRDH_1SDV_20250531T010322_20250531T010347_059431_07608E_B23F,6.403057737419803
wind_7,POINT (72.02342409880265 19.603125580497412),6.3,133.48661130120357,-562.95,355.87,0.89,fill:#0000ff; fill-opacity:0.2; stroke:#ff0000; stroke-opacity:1.0; stroke-width:1.0; symbol:star,19.603125580497412,72.02342409880265,-4.570871783647324,4.335565838210362,S1A_IW_GRDH_1SDV_20250531T010322_20250531T010347_059431_07608E_B23F,6.484572931629817
wind_70,POINT (71.20152587890625 18.707935333251953),5.4,129.39366574424156,-586.07,316.36,0.89,fill:#0000ff; fill-opacity:0.2; stroke:#ff0000; stroke-opacity:1.0; stroke-width:1.0; symbol:star,18.707935333251953,71.20152587890625,-4.173140198862511,3.427083436486157,S1A_IW_GRDH_1SDV_20250531T010322_20250531T010347_059431_07608E_B23F,6.17608704318858
wind_71,POINT (72.03268989894701 18.560101898856786),7.2,178.04004323705388,-148.97,649.13,0.93,fill:#0000ff; fill-opacity:0.2; stroke:#ff0000; stroke-opacity:1.0; stroke-width:1.0; symbol:star,18.560101898856786,72.03268989894701,-0.24624739907345758,7.195787810827217,S1A_IW_GRDH_1SDV_20250531T010322_20250531T010347_059431_07608E_B23F,7.205618652782957
wind_74,POINT (72.82164479131283 18.20721991165825),5.8,24.37609432584264,-160.24,-646.44,0.89,fill:#0000ff; fill-opacity:0.2; stroke:#ff0000; stroke-opacity:1.0; stroke-width:1.0; symbol:star,18.20721991165825,72.82164479131283,-2.3938016757523175,-5.282964464878161,S1A_IW_GRDH_1SDV_20250531T010322_20250531T010347_059431_07608E_B23F,5.641008298416702
wind_75,POINT (72.61456683614979 18.245470909450365),4.4,139.21180505589138,-527.58,406.47,0.89,fill:#0000ff; fill-opacity:0.2; stroke:#ff0000; stroke-opacity:1.0; stroke-width:1.0; symbol:star,18.245470909450365,72.61456683614979,-2.8743643326672372,3.3313705412473156,S1A_IW_GRDH_1SDV_20250531T010322_20250531T010347_059431_07608E_B23F,6.567921991060329
wind_77,POINT (72.40739547066067 18.28349655814793),5.5,134.4557879514043,-558.78,362.38,0.93,fill:#0000ff; fill-opacity:0.2; stroke:#ff0000; stroke-opacity:1.0; stroke-width:1.0; symbol:star,18.28349655814793,72.40739547066067,-3.925850997499724,3.8519727342532453,S1A_IW_GRDH_1SDV_20250531T010322_20250531T010347_059431_07608E_B23F,7.026508981173325
wind_78,POINT (71.57788430918818 18.43335433628248),5.9,125.69745283284335,-605.77,276.76,0.9,fill:#0000ff; fill-opacity:0.2; stroke:#ff0000; stroke-opacity:1.0; stroke-width:1.0; symbol:star,18.43335433628248,71.57788430918818,-4.791445862745942,3.4426801397130693,S1A_IW_GRDH_1SDV_20250531T010322_20250531T010347_059431_07608E_B23F,6.859044569677308
wind_79,POINT (72.2001485409944 18.321301667586617),4.5,122.07106945113046,-622.69,236.26,0.88,fill:#0000ff; fill-opacity:0.2; stroke:#ff0000; stroke-opacity:1.0; stroke-width:1.0; symbol:star,18.321301667586617,72.2001485409944,-3.813255604062429,2.3893684726484694,S1A_IW_GRDH_1SDV_20250531T010322_20250531T010347_059431_07608E_B23F,7.251708461422242
wind_8,POINT (71.60511036748471 19.676556015014647),5.2,132.11254933641806,-570.35,343.88,0.9,fill:#0000ff; fill-opacity:0.2; stroke:#ff0000; stroke-opacity:1.0; stroke-width:1.0; symbol:star,19.676556015014647,71.60511036748471,-3.8575107037366525,3.4870634021418594,S1A_IW_GRDH_1SDV_20250531T010322_20250531T010347_059431_07608E_B23F,6.176552030306896
wind_80,POINT (71.37029073963994 18.470253538048787),6.3,128.07727836302232,-593.5,302.19,0.92,fill:#0000ff; fill-opacity:0.2; stroke:#ff0000; stroke-opacity:1.0; stroke-width:1.0; symbol:star,18.470253538048787,71.37029073963994,-4.959231835158238,3.8853596493958,S1A_IW_GRDH_1SDV_20250531T010322_20250531T010347_059431_07608E_B23F,6.621368652357154
wind_81,POINT (71.99281297766643 18.358886071910028),4.9,114.17868420924373,-648.7,150.81,0.96,fill:#0000ff; fill-opacity:0.2; stroke:#ff0000; stroke-opacity:1.0; stroke-width:1.0; symbol:star,18.358886071910028,71.99281297766643,-4.470135529363679,2.006959976960305,S1A_IW_GRDH_1SDV_20250531T010322_20250531T010347_059431_07608E_B23F,7.371941990830466
wind_82,POINT (71.78539110266644 18.396232687908668),4.8,129.88874317772633,-584.53,319.18,0.89,fill:#0000ff; fill-opacity:0.2; stroke:#ff0000; stroke-opacity:1.0; stroke-width:1.0; symbol:star,18.396232687908668,71.78539110266644,-3.682997576289639,3.078234697524645,S1A_IW_GRDH_1SDV_20250531T010322_20250531T010347_059431_07608E_B23F,7.015763684850624
wind_83,POINT (71.16270751953125 18.50691452026367),6.5,120.45638170739124,-627.75,222.44,0.89,fill:#0000ff; fill-opacity:0.2; stroke:#ff0000; stroke-opacity:1.0; stroke-width:1.0; symbol:star,18.50691452026367,71.16270751953125,-5.603099391248066,3.294734771084851,S1A_IW_GRDH_1SDV_20250531T010322_20250531T010347_059431_07608E_B23F,6.371020001271478
wind_84,POINT (71.74553680419922 18.195194078528363),7.0,123.95823037421955,-614.14,257.67,0.86,fill:#0000ff; fill-opacity:0.2; stroke:#ff0000; stroke-opacity:1.0; stroke-width:1.0; symbol:star,18.195194078528363,71.74553680419922,-5.806115095389181,3.910118604223392,S1A_IW_GRDH_1SDV_20250531T010322_20250531T010347_059431_07608E_B23F,6.95486293759272
wind_86,POINT (71.53827169667119 18.232366396033246),6.6,124.57911488943486,-611.07,264.86,0.9,fill:#0000ff; fill-opacity:0.2; stroke:#ff0000; stroke-opacity:1.0; stroke-width:1.0; symbol:star,18.232366396033246,71.53827169667119,-5.434065785330891,3.7457881734951526,S1A_IW_GRDH_1SDV_20250531T010322_20250531T010347_059431_07608E_B23F,6.9037789381155585
wind_87,POINT (72.98737235691237 17.967445373535156),20.0,22.17458570713651,-134.04,-652.37,0.74,fill:#0000ff; fill-opacity:0.2; stroke:#ff0000; stroke-opacity:1.0; stroke-width:1.0; symbol:star,17.967445373535156,72.98737235691237,-7.548601352938592,-18.52076179897613,S1A_IW_GRDH_1SDV_20250531T010322_20250531T010347_059431_07608E_B23F,4.458465541574908
wind_88,POINT (72.78061311141305 18.005963118179984),6.0,190.25790903117723,-8.76,665.94,0.94,fill:#0000ff; fill-opacity:0.2; stroke:#ff0000; stroke-opacity:1.0; stroke-width:1.0; symbol:star,18.005963118179984,72.78061311141305,1.0684762764747682,5.904096751122107,S1A_IW_GRDH_1SDV_20250531T010322_20250531T010347_059431_07608E_B23F,5.97539752234823
wind_89,POINT (72.57376463516898 18.044254302978516),6.2,127.1864341868841,-600.22,288.61,0.93,fill:#0000ff; fill-opacity:0.2; stroke:#ff0000; stroke-opacity:1.0; stroke-width:1.0; symbol:star,18.044254302978516,72.57376463516898,-4.939372881994154,3.7473451312390167,S1A_IW_GRDH_1SDV_20250531T010322_20250531T010347_059431_07608E_B23F,6.667609142238924
wind_9,POINT (72.23244589100713 19.56605030557384),8.5,162.42543935558072,-320.06,584.05,0.87,fill:#0000ff; fill-opacity:0.2; stroke:#ff0000; stroke-opacity:1.0; stroke-width:1.0; symbol:star,19.56605030557384,72.23244589100713,-2.5665464724138873,8.10326102288084,S1A_IW_GRDH_1SDV_20250531T010322_20250531T010347_059431_07608E_B23F,6.752020587632522
wind_91,POINT (72.36683024530825 18.08232017185377),4.4,120.97068146951509,-627.28,223.77,0.87,fill:#0000ff; fill-opacity:0.2; stroke:#ff0000; stroke-opacity:1.0; stroke-width:1.0; symbol:star,18.08232017185377,72.36683024530825,-3.772695238269377,2.264237319527168,S1A_IW_GRDH_1SDV_20250531T010322_20250531T010347_059431_07608E_B23F,7.048024731133149
wind_92,POINT (72.15981558094855 18.12016835420028),8.0,142.2419150460592,-504.48,434.8,0.88,fill:#0000ff; fill-opacity:0.2; stroke:#ff0000; stroke-opacity:1.0; stroke-width:1.0; symbol:star,18.12016835420028,72.15981558094855,-4.898630779250171,6.324825411707652,S1A_IW_GRDH_1SDV_20250531T010322_20250531T010347_059431_07608E_B23F,7.221140430167987
wind_93,POINT (71.33092001210089 18.269318787947945),6.1,122.61806972545982,-619.34,244.89,0.82,fill:#0000ff; fill-opacity:0.2; stroke:#ff0000; stroke-opacity:1.0; stroke-width:1.0; symbol:star,18.269318787947945,71.33092001210089,-5.137922881735613,3.2881223306528016,S1A_IW_GRDH_1SDV_20250531T010322_20250531T010347_059431_07608E_B23F,6.69969065115543
wind_94,POINT (71.12358093261719 18.306034088134766),6.7,120.0961514872386,-629.17,218.4,0.85,fill:#0000ff; fill-opacity:0.2; stroke:#ff0000; stroke-opacity:1.0; stroke-width:1.0; symbol:star,18.306034088134766,71.12358093261719,-5.796740201507129,3.359732584035684,S1A_IW_GRDH_1SDV_20250531T010322_20250531T010347_059431_07608E_B23F,6.576065705884934
wind_95,POINT (71.95272196894106 18.15779860123344),5.3,120.27488809184378,-629.45,217.6,0.85,fill:#0000ff; fill-opacity:0.2; stroke:#ff0000; stroke-opacity:1.0; stroke-width:1.0; symbol:star,18.15779860123344,71.95272196894106,-4.577167952462447,2.6719905566731943,S1A_IW_GRDH_1SDV_20250531T010322_20250531T010347_059431_07608E_B23F,7.212534264696286
wind_1,POINT (72.96180459727411 17.841892171350324),5.7,28.67308546391582,-209.73,-632.12,0.83,fill:#0000ff; fill-opacity:0.2; stroke:#ff0000; stroke-opacity:1.0; stroke-width:1.0; symbol:star,17.841892171350324,72.96180459727411,-2.7349250225091133,-5.0010184084097835,S1A_IW_GRDH_1SDV_20250531T010347_20250531T010402_059431_07608E_F405,4.975653673869223
wind_10,POINT (71.92810115458802 18.03233295938243),6.5,119.91058855334148,-630.86,213.49,0.88,fill:#0000ff; fill-opacity:0.2; stroke:#ff0000; stroke-opacity:1.0; stroke-width:1.0; symbol:star,18.03233295938243,71.92810115458802,-5.634229971802983,3.241211598281875,S1A_IW_GRDH_1SDV_20250531T010347_20250531T010402_059431_07608E_F405,7.0340032387961555
wind_11,POINT (71.09970528738839 18.180675506591797),6.9,123.22792544404965,-616.54,251.86,0.83,fill:#0000ff; fill-opacity:0.2; stroke:#ff0000; stroke-opacity:1.0; stroke-width:1.0; symbol:star,18.180675506591797,71.09970528738839,-5.771831623413661,3.780999829537425,S1A_IW_GRDH_1SDV_20250531T010347_20250531T010402_059431_07608E_F405,6.683308938979497
wind_13,POINT (73.11664742416475 17.552223987460874),20.0,42.84830940378375,-360.59,-559.94,0.99,fill:#0000ff; fill-opacity:0.2; stroke:#ff0000; stroke-opacity:1.0; stroke-width:1.0; symbol:star,17.552223987460874,73.11664742416475,-13.601194259896603,-14.663134545674595,S1A_IW_GRDH_1SDV_20250531T010347_20250531T010402_059431_07608E_F405,4.686502545692599
wind_14,POINT (72.70432561080648 17.629558172285186),4.4,124.62100587641616,-612.73,260.99,0.87,fill:#0000ff; fill-opacity:0.2; stroke:#ff0000; stroke-opacity:1.0; stroke-width:1.0; symbol:star,17.629558172285186,72.70432561080648,-3.620883769259771,2.4998401407912376,S1A_IW_GRDH_1SDV_20250531T010347_20250531T010402_059431_07608E_F405,6.181704172544796
wind_15,POINT (72.49799749717948 17.667903580280562),5.1,128.4107414802326,-594.15,300.9,0.88,fill:#0000ff; fill-opacity:0.2; stroke:#ff0000; stroke-opacity:1.0; stroke-width:1.0; symbol:star,17.667903580280562,72.49799749717948,-3.996242671304219,3.1686029274819707,S1A_IW_GRDH_1SDV_20250531T010347_20250531T010402_059431_07608E_F405,6.708026722632656
wind_16,POINT (72.29157764126796 17.70603175192886),3.7,125.60583403165128,-607.62,272.67,0.93,fill:#0000ff; fill-opacity:0.2; stroke:#ff0000; stroke-opacity:1.0; stroke-width:1.0; symbol:star,17.70603175192886,72.29157764126796,-3.0082534881706073,2.1541613103269155,S1A_IW_GRDH_1SDV_20250531T010347_20250531T010402_059431_07608E_F405,6.97047302396463
wind_17,POINT (72.08507627878129 17.74394709427164),6.7,119.97008735639818,-630.95,213.2,0.89,fill:#0000ff; fill-opacity:0.2; stroke:#ff0000; stroke-opacity:1.0; stroke-width:1.0; symbol:star,17.74394709427164,72.08507627878129,-5.804118362823348,3.3469702762852283,S1A_IW_GRDH_1SDV_20250531T010347_20250531T010402_059431_07608E_F405,6.869088046772125
wind_18,POINT (71.87849521044619 17.781649334830526),4.2,118.383992532938,-636.29,196.69,0.87,fill:#0000ff; fill-opacity:0.2; stroke:#ff0000; stroke-opacity:1.0; stroke-width:1.0; symbol:star,17.781649334830526,71.87849521044619,-3.695081963392299,1.9965894129271837,S1A_IW_GRDH_1SDV_20250531T010347_20250531T010402_059431_07608E_F405,6.792807896077925
wind_19,POINT (71.46506092711265 17.856380687737317),5.9,117.21983751627744,-639.7,185.31,0.89,fill:#0000ff; fill-opacity:0.2; stroke:#ff0000; stroke-opacity:1.0; stroke-width:1.0; symbol:star,17.856380687737317,71.46506092711265,-5.246622547990074,2.6986944693540513,S1A_IW_GRDH_1SDV_20250531T010347_20250531T010402_059431_07608E_F405,6.811373285663521
wind_2,POINT (72.54857810831959 17.918730125664183),4.6,131.07404151992458,-579.58,328.09,0.94,fill:#0000ff; fill-opacity:0.2; stroke:#ff0000; stroke-opacity:1.0; stroke-width:1.0; symbol:star,17.918730125664183,72.54857810831959,-3.4677612716113644,3.0223553336946223,S1A_IW_GRDH_1SDV_20250531T010347_20250531T010402_059431_07608E_F405,6.6696094933268775
wind_20,POINT (71.67181889314828 17.8191234280604),6.8,119.9970223350374,-630.37,214.92,0.85,fill:#0000ff; fill-opacity:0.2; stroke:#ff0000; stroke-opacity:1.0; stroke-width:1.0; symbol:star,17.8191234280604,71.67181889314828,-5.889149435977282,3.3996939451557204,S1A_IW_GRDH_1SDV_20250531T010347_20250531T010402_059431_07608E_F405,6.782797360531245
wind_21,POINT (72.91056894811784 17.590988917380386),4.6,123.58150080709312,-617.95,248.37,0.91,fill:#0000ff; fill-opacity:0.2; stroke:#ff0000; stroke-opacity:1.0; stroke-width:1.0; symbol:star,17.590988917380386,72.91056894811784,-3.832259410427655,2.544363930570601,S1A_IW_GRDH_1SDV_20250531T010347_20250531T010402_059431_07608E_F405,5.587737015962347
wind_22,POINT (71.25821832692401 17.893423803104376),6.4,118.55914754303552,-635.03,200.74,0.8,fill:#0000ff; fill-opacity:0.2; stroke:#ff0000; stroke-opacity:1.0; stroke-width:1.0; symbol:star,17.893423803104376,71.25821832692401,-5.62127401118819,3.0596206449722234,S1A_IW_GRDH_1SDV_20250531T010347_20250531T010402_059431_07608E_F405,6.813964562248042
wind_23,POINT (71.05138724190849 17.930234364100865),7.4,119.3660969018306,-631.99,210.1,0.86,fill:#0000ff; fill-opacity:0.2; stroke:#ff0000; stroke-opacity:1.0; stroke-width:1.0; symbol:star,17.930234364100865,71.05138724190849,-6.449130610028843,3.628872328256948,S1A_IW_GRDH_1SDV_20250531T010347_20250531T010402_059431_07608E_F405,6.8191433675558635
wind_25,POINT (73.06514939017919 17.30127391459779),3.7,35.86156083793286,-284.67,-602.1,0.91,fill:#0000ff; fill-opacity:0.2; stroke:#ff0000; stroke-opacity:1.0; stroke-width:1.0; symbol:star,17.30127391459779,73.06514939017919,-2.1675664713037706,-2.9986089429066474,S1A_IW_GRDH_1SDV_20250531T010347_20250531T010402_059431_07608E_F405,5.086889660919838
wind_26,POINT (72.03501010681532 17.49323142389333),6.2,111.82173881096804,-654.51,123.17,0.9,fill:#0000ff; fill-opacity:0.2; stroke:#ff0000; stroke-opacity:1.0; stroke-width:1.0; symbol:star,17.49323142389333,72.03501010681532,-5.755738119368218,2.30466455286916,S1A_IW_GRDH_1SDV_20250531T010347_20250531T010402_059431_07608E_F405,6.912432802551657
wind_27,POINT (72.44732362735346 17.417089675524217),5.2,118.4929104982032,-636.64,195.57,0.88,fill:#0000ff; fill-opacity:0.2; stroke:#ff0000; stroke-opacity:1.0; stroke-width:1.0; symbol:star,17.417089675524217,72.44732362735346,-4.570155965671112,2.4806600834134347,S1A_IW_GRDH_1SDV_20250531T010347_20250531T010402_059431_07608E_F405,6.835189512398697
wind_28,POINT (72.6533502614276 17.378700315582083),3.9,129.353978527949,-589.51,309.89,0.92,fill:#0000ff; fill-opacity:0.2; stroke:#ff0000; stroke-opacity:1.0; stroke-width:1.0; symbol:star,17.378700315582083,72.6533502614276,-3.01564830978974,2.4730275517394222,S1A_IW_GRDH_1SDV_20250531T010347_20250531T010402_059431_07608E_F405,6.352108321566855
wind_29,POINT (72.24120885244807 17.455265045166016),7.2,131.73002800013853,-575.59,335.04,0.94,fill:#0000ff; fill-opacity:0.2; stroke:#ff0000; stroke-opacity:1.0; stroke-width:1.0; symbol:star,17.455265045166016,72.24120885244807,-5.373283974256735,4.792475282356263,S1A_IW_GRDH_1SDV_20250531T010347_20250531T010402_059431_07608E_F405,7.129692979721906
wind_3,POINT (72.75523324338546 17.88042504446847),4.9,121.2765479158292,-626.65,225.53,0.86,fill:#0000ff; fill-opacity:0.2; stroke:#ff0000; stroke-opacity:1.0; stroke-width:1.0; symbol:star,17.88042504446847,72.75523324338546,-4.187889889782594,2.5439296906669298,S1A_IW_GRDH_1SDV_20250531T010347_20250531T010402_059431_07608E_F405,6.076057227210232
wind_30,POINT (72.85929543631417 17.34009026000218),4.9,120.11862384634468,-631.39,211.89,0.94,fill:#0000ff; fill-opacity:0.2; stroke:#ff0000; stroke-opacity:1.0; stroke-width:1.0; symbol:star,17.34009026000218,72.85929543631417,-4.2384429644318535,2.4587804369764537,S1A_IW_GRDH_1SDV_20250531T010347_20250531T010402_059431_07608E_F405,5.814475637846694
wind_31,POINT (71.62235947129147 17.56851923687858),6.0,111.56542960204716,-654.79,121.7,0.88,fill:#0000ff; fill-opacity:0.2; stroke:#ff0000; stroke-opacity:1.0; stroke-width:1.0; symbol:star,17.56851923687858,71.62235947129147,-5.579990585621369,2.205380934073951,S1A_IW_GRDH_1SDV_20250531T010347_20250531T010402_059431_07608E_F405,6.884357945092758
wind_32,POINT (71.41590307958379 17.60583786342455),5.6,118.50818302218924,-635.51,199.21,0.91,fill:#0000ff; fill-opacity:0.2; stroke:#ff0000; stroke-opacity:1.0; stroke-width:1.0; symbol:star,17.60583786342455,71.41590307958379,-4.920994151139699,2.6727919044416586,S1A_IW_GRDH_1SDV_20250531T010347_20250531T010402_059431_07608E_F405,6.928968246817592
wind_33,POINT (71.82873080235831 17.53098856292156),5.9,106.9079975671156,-662.46,68.58,0.93,fill:#0000ff; fill-opacity:0.2; stroke:#ff0000; stroke-opacity:1.0; stroke-width:1.0; symbol:star,17.53098856292156,71.82873080235831,-5.64496068464234,1.7159309044487439,S1A_IW_GRDH_1SDV_20250531T010347_20250531T010402_059431_07608E_F405,6.857528008566639
wind_34,POINT (71.20937029915567 17.642944525487675),6.4,119.7404684165431,-630.89,213.39,0.85,fill:#0000ff; fill-opacity:0.2; stroke:#ff0000; stroke-opacity:1.0; stroke-width:1.0; symbol:star,17.642944525487675,71.20937029915567,-5.557000651643005,3.1748612186423553,S1A_IW_GRDH_1SDV_20250531T010347_20250531T010402_059431_07608E_F405,6.941975211662812
wind_35,POINT (71.00284249441964 17.67982455662319),7.2,118.1549818601575,-636.29,196.69,0.88,fill:#0000ff; fill-opacity:0.2; stroke:#ff0000; stroke-opacity:1.0; stroke-width:1.0; symbol:star,17.67982455662319,71.00284249441964,-6.348056184747939,3.3973787947892173,S1A_IW_GRDH_1SDV_20250531T010347_20250531T010402_059431_07608E_F405,6.932102605469283
wind_36,POINT (71.98495417055877 17.242601892222527),5.5,112.02823232490886,-654.1,125.35,0.86,fill:#0000ff; fill-opacity:0.2; stroke:#ff0000; stroke-opacity:1.0; stroke-width:1.0; symbol:star,17.242601892222527,71.98495417055877,-5.098495356513912,2.0628487825349846,S1A_IW_GRDH_1SDV_20250531T010347_20250531T010402_059431_07608E_F405,7.0773835813645825
wind_37,POINT (71.57289687446927 17.31800245202106),7.2,106.09938812494352,-663.3,59.92,0.91,fill:#0000ff; fill-opacity:0.2; stroke:#ff0000; stroke-opacity:1.0; stroke-width:1.0; symbol:star,17.31800245202106,71.57289687446927,-6.9176312323990405,1.9965916288859202,S1A_IW_GRDH_1SDV_20250531T010347_20250531T010402_059431_07608E_F405,6.846414094603064
wind_38,POINT (71.36673869257388 17.35538258759872),8.1,109.34191823770551,-658.87,97.22,0.88,fill:#0000ff; fill-opacity:0.2; stroke:#ff0000; stroke-opacity:1.0; stroke-width:1.0; symbol:star,17.35538258759872,71.36673869257388,-7.642827016815554,2.6827588767972146,S1A_IW_GRDH_1SDV_20250531T010347_20250531T010402_059431_07608E_F405,6.915974270113379
wind_39,POINT (73.01361780581267 17.050421839175016),4.6,113.14544872051844,-652.33,134.26,0.9,fill:#0000ff; fill-opacity:0.2; stroke:#ff0000; stroke-opacity:1.0; stroke-width:1.0; symbol:star,17.050421839175016,73.01361780581267,-4.229745974581983,1.8081064654791494,S1A_IW_GRDH_1SDV_20250531T010347_20250531T010402_059431_07608E_F405,5.265099878325397
wind_4,POINT (72.34183284214564 17.95681353977748),4.9,122.47392862623082,-621.36,239.74,0.89,fill:#0000ff; fill-opacity:0.2; stroke:#ff0000; stroke-opacity:1.0; stroke-width:1.0; symbol:star,17.95681353977748,72.34183284214564,-4.133815648521421,2.6308873377701736,S1A_IW_GRDH_1SDV_20250531T010347_20250531T010402_059431_07608E_F405,7.018745080005068
wind_40,POINT (73.21909531303075 17.011364231938902),20.0,29.183455388548737,-216.29,-629.9,0.91,fill:#0000ff; fill-opacity:0.2; stroke:#ff0000; stroke-opacity:1.0; stroke-width:1.0; symbol:star,17.011364231938902,73.21909531303075,-9.752151512388064,-17.461258284540296,S1A_IW_GRDH_1SDV_20250531T010347_20250531T010402_059431_07608E_F405,3.944942863212839
wind_41,POINT (71.16050720214844 17.392554490462594),7.7,117.241023939958,-639.51,185.98,0.84,fill:#0000ff; fill-opacity:0.2; stroke:#ff0000; stroke-opacity:1.0; stroke-width:1.0; symbol:star,17.392554490462594,71.16050720214844,-6.845984236848278,3.524556685432213,S1A_IW_GRDH_1SDV_20250531T010347_20250531T010402_059431_07608E_F405,7.020197942999277
wind_42,POINT (70.95428466796875 17.429502487182617),5.3,115.58047480204652,-644.4,168.23,0.88,fill:#0000ff; fill-opacity:0.2; stroke:#ff0000; stroke-opacity:1.0; stroke-width:1.0; symbol:star,17.429502487182617,70.95428466796875,-4.780492514849293,2.2884255101422646,S1A_IW_GRDH_1SDV_20250531T010347_20250531T010402_059431_07608E_F405,7.068479911605251
wind_43,POINT (72.80805272641389 17.08927577474843),5.6,119.7265082202858,-632.83,207.58,0.9,fill:#0000ff; fill-opacity:0.2; stroke:#ff0000; stroke-opacity:1.0; stroke-width:1.0; symbol:star,17.08927577474843,72.80805272641389,-4.8630522902783815,2.7768187593032034,S1A_IW_GRDH_1SDV_20250531T010347_20250531T010402_059431_07608E_F405,5.904993491864686
wind_44,POINT (72.19085427989131 17.204584453416906),3.3,108.35179868324998,-660.75,83.5,0.88,fill:#0000ff; fill-opacity:0.2; stroke:#ff0000; stroke-opacity:1.0; stroke-width:1.0; symbol:star,17.204584453416906,72.19085427989131,-3.1321660340233346,1.0390071873238091,S1A_IW_GRDH_1SDV_20250531T010347_20250531T010402_059431_07608E_F405,7.18213806945181
wind_45,POINT (72.60240803594175 17.127925955730937),4.7,107.57160554374184,-661.94,73.39,0.9,fill:#0000ff; fill-opacity:0.2; stroke:#ff0000; stroke-opacity:1.0; stroke-width:1.0; symbol:star,17.127925955730937,72.60240803594175,-4.48069987165666,1.4189181301738263,S1A_IW_GRDH_1SDV_20250531T010347_20250531T010402_059431_07608E_F405,6.488371570982966
wind_46,POINT (72.39667411472486 17.166361186815344),6.8,114.1135206688274,-649.53,147.22,0.9,fill:#0000ff; fill-opacity:0.2; stroke:#ff0000; stroke-opacity:1.0; stroke-width:1.0; symbol:star,17.166361186815344,72.39667411472486,-6.20661699864748,2.7781118465785606,S1A_IW_GRDH_1SDV_20250531T010347_20250531T010402_059431_07608E_F405,6.955058508848966
wind_47,POINT (71.77896748418392 17.280413420304008),6.1,115.65794549200668,-644.86,166.46,0.89,fill:#0000ff; fill-opacity:0.2; stroke:#ff0000; stroke-opacity:1.0; stroke-width:1.0; symbol:star,17.280413420304008,71.77896748418392,-5.49850998703014,2.641285278520632,S1A_IW_GRDH_1SDV_20250531T010347_20250531T010402_059431_07608E_F405,6.970434417738149
wind_6,POINT (72.13500768057308 17.99468091407918),5.5,117.8264449378812,-638.32,190.02,0.88,fill:#0000ff; fill-opacity:0.2; stroke:#ff0000; stroke-opacity:1.0; stroke-width:1.0; symbol:star,17.99468091407918,72.13500768057308,-4.864010908191852,2.567371785501795,S1A_IW_GRDH_1SDV_20250531T010347_20250531T010402_059431_07608E_F405,7.111109271497291
wind_7,POINT (71.72110193856754 18.069751182698315),6.6,120.69961818415192,-627.65,222.72,0.83,fill:#0000ff; fill-opacity:0.2; stroke:#ff0000; stroke-opacity:1.0; stroke-width:1.0; symbol:star,18.069751182698315,71.72110193856754,-5.675047447126431,3.3695454400948157,S1A_IW_GRDH_1SDV_20250531T010347_20250531T010402_059431_07608E_F405,6.8701109731630865
wind_8,POINT (71.30685908157633 18.143929451889132),7.3,125.6326894312197,-605.83,276.64,0.88,fill:#0000ff; fill-opacity:0.2; stroke:#ff0000; stroke-opacity:1.0; stroke-width:1.0; symbol:star,18.143929451889132,71.30685908157633,-5.933210088927717,4.252883497187096,S1A_IW_GRDH_1SDV_20250531T010347_20250531T010402_059431_07608E_F405,6.725350675848076
wind_9,POINT (71.51402069470898 18.106949314567615),5.6,125.64387217928518,-606.13,275.98,0.82,fill:#0000ff; fill-opacity:0.2; stroke:#ff0000; stroke-opacity:1.0; stroke-width:1.0; symbol:star,18.106949314567615,71.51402069470898,-4.550866784953144,3.263374251539383,S1A_IW_GRDH_1SDV_20250531T010347_20250531T010402_059431_07608E_F405,6.836074672602799
wind_10,POINT (72.56797518522843 20.166070059071416),9.2,12.370969264858276,-19.96,-665.7,0.83,fill:#0000ff; fill-opacity:0.2; stroke:#ff0000; stroke-opacity:1.0; stroke-width:1.0; symbol:star,20.166070059071416,72.56797518522843,-1.971012024505382,-8.98638479029555,S1A_IW_GRDH_1SDV_20250531T010257_20250531T010322_059431_07608E_0C67,6.219303252354697
wind_15,POINT (72.09548074473506 19.97199881180473),6.0,159.48480779459672,-348.68,567.43,0.85,fill:#0000ff; fill-opacity:0.2; stroke:#ff0000; stroke-opacity:1.0; stroke-width:1.0; symbol:star,19.97199881180473,72.09548074473506,-2.1027343879673186,5.6194757845959,S1A_IW_GRDH_1SDV_20250531T010257_20250531T010322_059431_07608E_0C67,6.638599484360176
wind_18,POINT (71.8857954605766 20.00875590780507),8.4,148.05879867238585,-454.39,486.91,0.87,fill:#0000ff; fill-opacity:0.2; stroke:#ff0000; stroke-opacity:1.0; stroke-width:1.0; symbol:star,20.00875590780507,71.8857954605766,-4.444009017693575,7.128168337704869,S1A_IW_GRDH_1SDV_20250531T010257_20250531T010322_059431_07608E_0C67,6.414559735165654
wind_19,POINT (72.51459775178328 19.89772652335789),7.4,16.05303110607344,-64.23,-662.9,0.84,fill:#0000ff; fill-opacity:0.2; stroke:#ff0000; stroke-opacity:1.0; stroke-width:1.0; symbol:star,19.89772652335789,72.51459775178328,-2.0462994308840896,-7.111445608254587,S1A_IW_GRDH_1SDV_20250531T010257_20250531T010322_059431_07608E_0C67,6.418604521698197
wind_20,POINT (71.67602466085683 20.045268664152726),8.5,153.43787715973482,-405.62,528.23,0.88,fill:#0000ff; fill-opacity:0.2; stroke:#ff0000; stroke-opacity:1.0; stroke-width:1.0; symbol:star,20.045268664152726,71.67602466085683,-3.8009269930062874,7.602825395458993,S1A_IW_GRDH_1SDV_20250531T010257_20250531T010322_059431_07608E_0C67,6.347439602497853
wind_22,POINT (72.30508608610734 19.93499349511188),8.4,161.49933931185765,-329.11,579.0,0.92,fill:#0000ff; fill-opacity:0.2; stroke:#ff0000; stroke-opacity:1.0; stroke-width:1.0; symbol:star,19.93499349511188,72.30508608610734,-2.665450970095194,7.965887968457666,S1A_IW_GRDH_1SDV_20250531T010257_20250531T010322_059431_07608E_0C67,6.8670748893189
wind_23,POINT (71.466259765625 20.081520080566406),8.6,145.11956146938,-477.6,464.17,0.84,fill:#0000ff; fill-opacity:0.2; stroke:#ff0000; stroke-opacity:1.0; stroke-width:1.0; symbol:star,20.081520080566406,71.466259765625,-4.918046141222463,7.0549856238554325,S1A_IW_GRDH_1SDV_20250531T010257_20250531T010322_059431_07608E_0C67,6.228262531084609
wind_25,POINT (72.67027581256369 19.59191023785135),20.0,15.191296964806986,-54.58,-663.76,0.81,fill:#0000ff; fill-opacity:0.2; stroke:#ff0000; stroke-opacity:1.0; stroke-width:1.0; symbol:star,19.59191023785135,72.67027581256369,-5.240851857478285,-19.301126179784596,S1A_IW_GRDH_1SDV_20250531T010257_20250531T010322_059431_07608E_0C67,5.0041673474670745
wind_26,POINT (72.46125329059103 19.62946477143661),8.6,18.04022942071915,-87.55,-660.22,0.87,fill:#0000ff; fill-opacity:0.2; stroke:#ff0000; stroke-opacity:1.0; stroke-width:1.0; symbol:star,19.62946477143661,72.46125329059103,-2.6632883255849227,-8.177218065748464,S1A_IW_GRDH_1SDV_20250531T010257_20250531T010322_059431_07608E_0C67,6.491046909195751
wind_28,POINT (71.8336642721425 19.740656894186266),8.4,137.96508647815998,-532.83,399.56,0.81,fill:#0000ff; fill-opacity:0.2; stroke:#ff0000; stroke-opacity:1.0; stroke-width:1.0; symbol:star,19.740656894186266,71.8336642721425,-5.624499903060551,6.238990370282027,S1A_IW_GRDH_1SDV_20250531T010257_20250531T010322_059431_07608E_0C67,6.378269671719265
wind_29,POINT (72.04294619352922 19.703840836234715),6.1,135.52870006023318,-549.74,375.95,0.89,fill:#0000ff; fill-opacity:0.2; stroke:#ff0000; stroke-opacity:1.0; stroke-width:1.0; symbol:star,19.703840836234715,72.04294619352922,-4.27336660042733,4.352968860255281,S1A_IW_GRDH_1SDV_20250531T010257_20250531T010322_059431_07608E_0C67,6.489303128848454
wind_3,POINT (72.1480409041695 20.240235784779426),10.5,150.33128318594433,-435.33,504.03,0.86,fill:#0000ff; fill-opacity:0.2; stroke:#ff0000; stroke-opacity:1.0; stroke-width:1.0; symbol:star,20.240235784779426,72.1480409041695,-5.197335428178779,9.123469978412693,S1A_IW_GRDH_1SDV_20250531T010257_20250531T010322_059431_07608E_0C67,6.848021344621892
wind_31,POINT (71.62429378343666 19.777232792066492),5.8,133.95244567776672,-558.85,362.28,0.86,fill:#0000ff; fill-opacity:0.2; stroke:#ff0000; stroke-opacity:1.0; stroke-width:1.0; symbol:star,19.777232792066492,71.62429378343666,-4.175513407333593,4.025554345078128,S1A_IW_GRDH_1SDV_20250531T010257_20250531T010322_059431_07608E_0C67,6.202811079708374
wind_33,POINT (71.41492462158203 19.813552856445312),5.3,129.27681989752455,-586.02,316.44,0.87,fill:#0000ff; fill-opacity:0.2; stroke:#ff0000; stroke-opacity:1.0; stroke-width:1.0; symbol:star,19.813552856445312,71.41492462158203,-4.102710881444129,3.3552590694728677,S1A_IW_GRDH_1SDV_20250531T010257_20250531T010322_059431_07608E_0C67,6.086330486529215
wind_35,POINT (72.25214817212975 19.666781549868375),6.3,175.19002661485302,-180.38,641.11,0.85,fill:#0000ff; fill-opacity:0.2; stroke:#ff0000; stroke-opacity:1.0; stroke-width:1.0; symbol:star,19.666781549868375,72.25214817212975,-0.528263189935136,6.277813154447936,S1A_IW_GRDH_1SDV_20250531T010257_20250531T010322_059431_07608E_0C67,6.786271735458665
wind_4,POINT (71.93794648543648 20.276934831038766),7.1,146.3964961231766,-468.46,473.4,0.87,fill:#0000ff; fill-opacity:0.2; stroke:#ff0000; stroke-opacity:1.0; stroke-width:1.0; symbol:star,20.276934831038766,71.93794648543648,-3.9294416422926703,5.913500518290015,S1A_IW_GRDH_1SDV_20250531T010257_20250531T010322_059431_07608E_0C67,6.584320425674591
wind_5,POINT (72.35805279275644 20.203286295351774),9.5,165.94070535669366,-282.75,603.0,0.86,fill:#0000ff; fill-opacity:0.2; stroke:#ff0000; stroke-opacity:1.0; stroke-width:1.0; symbol:star,20.203286295351774,72.35805279275644,-2.307796164640927,9.215426027182282,S1A_IW_GRDH_1SDV_20250531T010257_20250531T010322_059431_07608E_0C67,6.923926443722964
wind_7,POINT (71.72777119512143 20.313385192207665),8.5,160.61813585374554,-335.82,575.13,0.81,fill:#0000ff; fill-opacity:0.2; stroke:#ff0000; stroke-opacity:1.0; stroke-width:1.0; symbol:star,20.313385192207665,71.72777119512143,-2.820831731447331,8.018285873106537,S1A_IW_GRDH_1SDV_20250531T010257_20250531T010322_059431_07608E_0C67,6.604370140428336
wind_9,POINT (71.51760559082031 20.349570083618165),7.1,140.78202966642286,-511.45,426.59,0.86,fill:#0000ff; fill-opacity:0.2; stroke:#ff0000; stroke-opacity:1.0; stroke-width:1.0; symbol:star,20.349570083618165,71.51760559082031,-4.489133516852232,5.500698161858538,S1A_IW_GRDH_1SDV_20250531T010257_20250531T010322_059431_07608E_0C67,6.589268778127902
